project,precinct,building,base_surf,surf_type,surf_id,surf_area,surf_irr,surf_cx,surf_cy,surf_cz,surf_nx,surf_ny,surf_nz
sin_ming,prc-00,blk-00,roof-01,PV-module,1,1.942359,1634.89,19.018893,-8.879439,-38.565473,0.156241,-0.075779,0.984808
sin_ming,prc-00,blk-00,roof-01,PV-module,2,1.942361,1638.34,20.770494,-9.728984,-38.565473,-0.156241,0.075779,0.984808
sin_ming,prc-00,blk-00,roof-01,PV-module,3,1.942361,1643.1,18.586428,-9.771098,-38.565473,0.156241,-0.075779,0.984808
sin_ming,prc-00,blk-00,roof-01,PV-module,4,1.942359,1638.81,20.33803,-10.620643,-38.565473,-0.156241,0.075779,0.984808
sin_ming,prc-00,blk-00,roof-01,PV-module,5,1.942361,1642.5,18.153963,-10.662757,-38.565473,0.156242,-0.075779,0.984808
sin_ming,prc-00,blk-00,roof-01,PV-module,6,1.942361,1639.77,19.905567,-11.512303,-38.565473,-0.156242,0.075779,0.984808
sin_ming,prc-00,blk-00,roof-01,PV-module,7,1.942359,1649.66,17.721501,-11.554416,-38.565473,0.156241,-0.075779,0.984808
sin_ming,prc-00,blk-00,roof-01,PV-module,8,1.942361,1639.84,19.473102,-12.403962,-38.565473,-0.156241,0.075779,0.984808
sin_ming,prc-00,blk-00,roof-01,PV-module,9,1.942359,1631.99,17.289036,-12.446075,-38.565473,0.156241,-0.075779,0.984808
sin_ming,prc-00,blk-00,roof-01,PV-module,10,1.942359,1639.05,19.040638,-13.29562,-38.565473,-0.156241,0.075779,0.984808
sin_ming,prc-00,blk-00,roof-01,PV-module,11,1.942361,1636.73,16.856571,-13.337734,-38.565473,0.156242,-0.075779,0.984808
sin_ming,prc-00,blk-00,roof-01,PV-module,12,1.942361,1631.04,18.608175,-14.187279,-38.565473,-0.156242,0.075779,0.984808
sin_ming,prc-00,blk-00,roof-01,PV-module,13,1.942359,1646.54,16.424109,-14.229394,-38.565473,0.156241,-0.075779,0.984808
sin_ming,prc-00,blk-00,roof-01,PV-module,14,1.942361,1634.42,18.17571,-15.078939,-38.565473,-0.156241,0.075779,0.984808
sin_ming,prc-00,blk-00,roof-01,PV-module,15,1.94236,1642.83,15.991644,-15.121052,-38.565473,0.156241,-0.075779,0.984808
sin_ming,prc-00,blk-00,roof-01,PV-module,16,1.942361,1640.61,17.743246,-15.970598,-38.565473,-0.156241,0.075779,0.984808
sin_ming,prc-00,blk-00,roof-01,PV-module,17,1.942359,1645.65,15.559181,-16.012711,-38.565473,0.156241,-0.075779,0.984808
sin_ming,prc-00,blk-00,roof-01,PV-module,18,1.942361,1635.82,17.310781,-16.862256,-38.565473,-0.156241,0.075779,0.984808
sin_ming,prc-00,blk-00,roof-01,PV-module,19,1.942358,1646.37,15.126716,-16.904372,-38.565473,0.156242,-0.075779,0.984808
sin_ming,prc-00,blk-00,roof-01,PV-module,20,1.94236,1636.01,16.878318,-17.753915,-38.565473,-0.156241,0.075779,0.984808
sin_ming,prc-00,blk-00,roof-01,PV-module,21,1.94236,1644.19,14.694252,-17.796029,-38.565473,0.156241,-0.075779,0.984808
sin_ming,prc-00,blk-00,roof-01,PV-module,22,1.942359,1631.55,16.445856,-18.645576,-38.565473,-0.156241,0.075779,0.984808
sin_ming,prc-00,blk-00,roof-01,PV-module,23,1.942359,1641.2,14.26179,-18.687689,-38.565473,0.156241,-0.075779,0.984808
sin_ming,prc-00,blk-00,roof-01,PV-module,24,1.942359,1637.31,16.013391,-19.537233,-38.565473,-0.156241,0.075779,0.984808
sin_ming,prc-00,blk-00,roof-01,PV-module,25,1.942363,1643.57,13.829325,-19.579348,-38.565473,0.156242,-0.075779,0.984808
sin_ming,prc-00,blk-00,roof-01,PV-module,26,1.94236,1637.08,15.580927,-20.428893,-38.565473,-0.156241,0.075779,0.984808
sin_ming,prc-00,blk-00,roof-01,PV-module,27,1.94236,1642.34,13.396861,-20.471007,-38.565473,0.156241,-0.075779,0.984808
sin_ming,prc-00,blk-00,roof-01,PV-module,28,1.942363,1627.6,15.148462,-21.320554,-38.565473,-0.156242,0.075779,0.984808
sin_ming,prc-00,blk-00,roof-01,PV-module,29,1.94236,1644.75,12.964397,-21.362666,-38.565473,0.156241,-0.075779,0.984808
sin_ming,prc-00,blk-00,roof-01,PV-module,30,1.94236,1634.66,14.715999,-22.212211,-38.565473,-0.156241,0.075779,0.984808
sin_ming,prc-00,blk-00,roof-01,PV-module,31,1.942359,1639.29,12.531933,-22.254326,-38.565473,0.156241,-0.075779,0.984808
sin_ming,prc-00,blk-00,roof-01,PV-module,32,1.94236,1633.33,14.283535,-23.103872,-38.565473,-0.156241,0.075779,0.984808
sin_ming,prc-00,blk-00,roof-01,PV-module,33,1.94236,1641.25,12.099469,-23.145983,-38.565473,0.156241,-0.075779,0.984808
sin_ming,prc-00,blk-00,roof-01,PV-module,34,1.942359,1633.0,13.851071,-23.995531,-38.565473,-0.156241,0.075779,0.984808
sin_ming,prc-00,blk-00,roof-01,PV-module,35,1.94236,1644.92,11.667006,-24.037642,-38.565473,0.156241,-0.075779,0.984808
sin_ming,prc-00,blk-00,roof-01,PV-module,36,1.942359,1639.25,13.418607,-24.887189,-38.565473,-0.156241,0.075779,0.984808
sin_ming,prc-00,blk-00,roof-01,PV-module,37,1.942361,1641.29,11.234541,-24.929301,-38.565473,0.156241,-0.075779,0.984808
sin_ming,prc-00,blk-00,roof-01,PV-module,38,1.94236,1633.87,12.986143,-25.778846,-38.565473,-0.156241,0.075779,0.984808
sin_ming,prc-00,blk-00,roof-01,PV-module,39,1.942361,1642.89,10.802078,-25.820962,-38.565473,0.156241,-0.075779,0.984808
sin_ming,prc-00,blk-00,roof-01,PV-module,40,1.942363,1639.71,12.553678,-26.670507,-38.565473,-0.156242,0.075779,0.984808
sin_ming,prc-00,blk-00,roof-01,PV-module,41,1.94236,1643.89,10.369613,-26.712622,-38.565473,0.156241,-0.075779,0.984808
sin_ming,prc-00,blk-00,roof-01,PV-module,42,1.942359,1633.6,12.121216,-27.562166,-38.565473,-0.156241,0.075779,0.984808
sin_ming,prc-00,blk-00,roof-01,PV-module,43,1.942359,1645.05,9.937149,-27.604279,-38.565473,0.156241,-0.075779,0.984808
sin_ming,prc-00,blk-00,roof-01,PV-module,44,1.94236,1635.9,11.688752,-28.453826,-38.565473,-0.156241,0.075779,0.984808
sin_ming,prc-00,blk-00,roof-01,PV-module,45,1.942359,1643.07,9.504687,-28.49594,-38.565473,0.156241,-0.075779,0.984808
sin_ming,prc-00,blk-00,roof-01,PV-module,46,1.94236,1632.72,11.256287,-29.345483,-38.565473,-0.156241,0.075779,0.984808
sin_ming,prc-00,blk-00,roof-01,PV-module,47,1.942358,1584.83,32.928644,5.30095,-38.565473,-0.156242,0.075779,0.984808
sin_ming,prc-00,blk-00,roof-01,PV-module,48,1.942357,1596.42,32.496183,4.40929,-38.565473,-0.156242,0.075778,0.984808
sin_ming,prc-00,blk-00,roof-01,PV-module,49,1.94236,1599.45,32.063719,3.517631,-38.565473,-0.156241,0.075779,0.984808
sin_ming,prc-00,blk-00,roof-01,PV-module,50,1.942359,1617.96,31.631254,2.625972,-38.565473,-0.156241,0.075779,0.984808
sin_ming,prc-00,blk-00,roof-01,PV-module,51,1.942358,1627.92,31.198789,1.734313,-38.565473,-0.156242,0.075779,0.984808
sin_ming,prc-00,blk-00,roof-01,PV-module,52,1.94236,1628.05,30.766325,0.842654,-38.565473,-0.156241,0.075779,0.984808
sin_ming,prc-00,blk-00,roof-01,PV-module,53,1.942361,1625.79,30.333862,-0.049005,-38.565473,-0.156241,0.075779,0.984808
sin_ming,prc-00,blk-00,roof-01,PV-module,54,1.942362,1560.24,31.177044,6.150495,-38.565473,0.156241,-0.075779,0.984808
sin_ming,prc-00,blk-00,roof-01,PV-module,55,1.942361,1594.29,30.74458,5.258836,-38.565473,0.156241,-0.075779,0.984808
sin_ming,prc-00,blk-00,roof-01,PV-module,56,1.94236,1609.47,30.312115,4.367176,-38.565473,0.156241,-0.075779,0.984808
sin_ming,prc-00,blk-00,roof-01,PV-module,57,1.94236,1616.09,29.87965,3.475517,-38.565473,0.156241,-0.075779,0.984808
sin_ming,prc-00,blk-00,roof-01,PV-module,58,1.942361,1622.09,29.447188,2.583858,-38.565473,0.156241,-0.075779,0.984808
sin_ming,prc-00,blk-00,roof-01,PV-module,59,1.94236,1631.19,29.014723,1.692199,-38.565473,0.156241,-0.075779,0.984808
sin_ming,prc-00,blk-00,roof-01,PV-module,60,1.94236,1635.65,28.582259,0.80054,-38.565473,0.156241,-0.075779,0.984808
sin_ming,prc-00,blk-00,roof-01,PV-module,61,1.942361,1640.43,22.96023,-10.791029,-38.565473,0.156242,-0.075779,0.984808
sin_ming,prc-00,blk-00,roof-01,PV-module,62,1.942361,1628.26,24.711832,-11.640573,-38.565473,-0.156242,0.075779,0.984808
sin_ming,prc-00,blk-00,roof-01,PV-module,63,1.942359,1642.92,22.527766,-11.682686,-38.565473,0.156241,-0.075779,0.984808
sin_ming,prc-00,blk-00,roof-01,PV-module,64,1.942361,1635.93,24.279367,-12.532234,-38.565473,-0.156241,0.075779,0.984808
sin_ming,prc-00,blk-00,roof-01,PV-module,65,1.942361,1642.74,22.095301,-12.574347,-38.565473,0.156241,-0.075779,0.984808
sin_ming,prc-00,blk-00,roof-01,PV-module,66,1.942359,1631.57,23.846903,-13.42389,-38.565473,-0.156241,0.075779,0.984808
sin_ming,prc-00,blk-00,roof-01,PV-module,67,1.942361,1644.06,21.662836,-13.466006,-38.565473,0.156242,-0.075779,0.984808
sin_ming,prc-00,blk-00,roof-01,PV-module,68,1.942361,1635.02,23.41444,-14.315551,-38.565473,-0.156242,0.075779,0.984808
sin_ming,prc-00,blk-00,roof-01,PV-module,69,1.942359,1645.35,21.230374,-14.357665,-38.565473,0.156241,-0.075779,0.984808
sin_ming,prc-00,blk-00,roof-01,PV-module,70,1.942361,1636.24,22.981975,-15.20721,-38.565473,-0.156241,0.075779,0.984808
sin_ming,prc-00,blk-00,roof-01,PV-module,71,1.942359,1645.51,20.797909,-15.249324,-38.565473,0.156241,-0.075779,0.984808
sin_ming,prc-00,blk-00,roof-01,PV-module,72,1.942363,1634.3,22.549511,-16.098871,-38.565473,-0.156242,0.075779,0.984808
sin_ming,prc-00,blk-00,roof-01,PV-module,73,1.942359,1647.08,20.365444,-16.140982,-38.565473,0.156241,-0.075779,0.984808
sin_ming,prc-00,blk-00,roof-01,PV-module,74,1.942359,1635.43,22.117048,-16.990529,-38.565473,-0.156241,0.075779,0.984808
sin_ming,prc-00,blk-00,roof-01,PV-module,75,1.942359,1648.85,19.932982,-17.032641,-38.565473,0.156241,-0.075779,0.984808
sin_ming,prc-00,blk-00,roof-01,PV-module,76,1.942361,1639.07,21.684583,-17.882188,-38.565473,-0.156241,0.075779,0.984808
sin_ming,prc-00,blk-00,roof-01,PV-module,77,1.942359,1645.84,19.500517,-17.9243,-38.565473,0.156241,-0.075779,0.984808
sin_ming,prc-00,blk-00,roof-01,PV-module,78,1.942359,1636.36,21.252119,-18.773847,-38.565473,-0.156241,0.075779,0.984808
sin_ming,prc-00,blk-00,roof-01,PV-module,79,1.942359,1641.94,19.068053,-18.815959,-38.565473,0.156241,-0.075779,0.984808
sin_ming,prc-00,blk-00,roof-01,PV-module,80,1.942359,1634.77,20.819654,-19.665506,-38.565473,-0.156241,0.075779,0.984808
sin_ming,prc-00,blk-00,roof-01,PV-module,81,1.942363,1647.93,18.635588,-19.707619,-38.565473,0.156242,-0.075779,0.984808
sin_ming,prc-00,blk-00,roof-01,PV-module,82,1.942361,1634.53,20.387191,-20.557165,-38.565473,-0.156241,0.075779,0.984808
sin_ming,prc-00,blk-00,roof-01,PV-module,83,1.942359,1641.44,18.203127,-20.59928,-38.565473,0.156241,-0.075779,0.984808
sin_ming,prc-00,blk-00,roof-01,PV-module,84,1.942363,1632.7,19.954729,-21.448823,-38.565473,-0.156242,0.075779,0.984808
sin_ming,prc-00,blk-00,roof-01,PV-module,85,1.942359,1640.35,17.770663,-21.490937,-38.565473,0.156241,-0.075779,0.984808
sin_ming,prc-00,blk-00,roof-01,PV-module,86,1.942359,1633.54,19.522264,-22.340484,-38.565473,-0.156241,0.075779,0.984808
sin_ming,prc-00,blk-00,roof-01,PV-module,87,1.942361,1640.89,17.338198,-22.382598,-38.565473,0.156241,-0.075779,0.984808
sin_ming,prc-00,blk-00,roof-01,PV-module,88,1.942359,1636.63,19.0898,-23.232141,-38.565473,-0.156241,0.075779,0.984808
sin_ming,prc-00,blk-00,roof-01,PV-module,89,1.94236,1642.76,16.905733,-23.274254,-38.565473,0.156241,-0.075779,0.984808
sin_ming,prc-00,blk-00,roof-01,PV-module,90,1.942359,1641.43,18.657337,-24.123802,-38.565473,-0.156241,0.075779,0.984808
sin_ming,prc-00,blk-00,roof-01,PV-module,91,1.942359,1645.41,16.473271,-24.165915,-38.565473,0.156241,-0.075779,0.984808
sin_ming,prc-00,blk-00,roof-01,PV-module,92,1.942359,1634.98,18.224872,-25.015458,-38.565473,-0.156241,0.075779,0.984808
sin_ming,prc-00,blk-00,roof-01,PV-module,93,1.942363,1641.41,16.040806,-25.057574,-38.565473,0.156241,-0.075779,0.984808
sin_ming,prc-00,blk-00,roof-01,PV-module,94,1.942359,1633.37,17.792408,-25.907119,-38.565473,-0.156241,0.075779,0.984808
sin_ming,prc-00,blk-00,roof-01,PV-module,95,1.94236,1646.16,15.608342,-25.949233,-38.565473,0.156241,-0.075779,0.984808
sin_ming,prc-00,blk-00,roof-01,PV-module,96,1.942363,1632.4,17.359945,-26.79878,-38.565473,-0.156242,0.075779,0.984808
sin_ming,prc-00,blk-00,roof-01,PV-module,97,1.942359,1651.17,15.175879,-26.840891,-38.565473,0.156241,-0.075779,0.984808
sin_ming,prc-00,blk-00,roof-01,PV-module,98,1.94236,1628.94,16.92748,-27.690437,-38.565473,-0.156241,0.075779,0.984808
sin_ming,prc-00,blk-00,roof-01,PV-module,99,1.942359,1645.62,14.743414,-27.732552,-38.565473,0.156241,-0.075779,0.984808
sin_ming,prc-00,blk-00,roof-01,PV-module,100,1.94236,1641.51,16.495016,-28.582097,-38.565473,-0.156241,0.075779,0.984808
sin_ming,prc-00,blk-00,roof-01,PV-module,101,1.942359,1648.17,14.310951,-28.624209,-38.565473,0.156241,-0.075779,0.984808
sin_ming,prc-00,blk-00,roof-01,PV-module,102,1.942359,1633.38,16.062551,-29.473756,-38.565473,-0.156241,0.075779,0.984808
sin_ming,prc-00,blk-00,roof-01,PV-module,103,1.94236,1647.94,13.878486,-29.515868,-38.565473,0.156241,-0.075779,0.984808
sin_ming,prc-00,blk-00,roof-01,PV-module,104,1.94236,1631.75,15.630089,-30.365415,-38.565473,-0.156241,0.075779,0.984808
sin_ming,prc-00,blk-00,roof-01,PV-module,105,1.942363,1641.73,13.446021,-30.407527,-38.565473,0.156242,-0.075779,0.984808
sin_ming,prc-00,blk-00,roof-01,PV-module,106,1.94236,1634.81,15.197625,-31.257072,-38.565473,-0.156241,0.075779,0.984808
sin_ming,prc-00,blk-00,roof-01,PV-module,107,1.942362,1513.39,38.145628,10.480519,-38.565473,0.156241,-0.075779,0.984808
sin_ming,prc-00,blk-00,roof-01,PV-module,108,1.942361,1505.42,37.713164,9.58886,-38.565473,0.156241,-0.075779,0.984808
sin_ming,prc-00,blk-00,roof-01,PV-module,109,1.942361,1502.11,37.280699,8.697201,-38.565473,0.156241,-0.075779,0.984808
sin_ming,prc-00,blk-00,roof-01,PV-module,110,1.942358,1502.83,36.848238,7.805542,-38.565473,0.156242,-0.075779,0.984808
sin_ming,prc-00,blk-00,roof-01,PV-module,111,1.942358,1518.83,36.415774,6.913883,-38.565473,0.156242,-0.075779,0.984808
sin_ming,prc-00,blk-00,roof-01,PV-module,112,1.942362,1533.91,35.983309,6.022224,-38.565473,0.156241,-0.075779,0.984808
sin_ming,prc-00,blk-00,roof-01,PV-module,113,1.942362,1541.88,35.550844,5.130564,-38.565473,0.156241,-0.075779,0.984808
sin_ming,prc-00,blk-00,roof-01,PV-module,114,1.942361,1549.07,35.11838,4.238905,-38.565473,0.156241,-0.075779,0.984808
sin_ming,prc-00,blk-00,roof-01,PV-module,115,1.942358,1563.48,34.685915,3.347246,-38.565473,0.156242,-0.075779,0.984808
sin_ming,prc-00,blk-00,roof-01,PV-module,116,1.942358,1583.41,34.253455,2.455587,-38.565473,0.156242,-0.075779,0.984808
sin_ming,prc-00,blk-00,roof-01,PV-module,117,1.942358,1595.75,33.82099,1.563928,-38.565473,0.156242,-0.075779,0.984808
sin_ming,prc-00,blk-00,roof-01,PV-module,118,1.942361,1611.15,33.388525,0.672269,-38.565473,0.156241,-0.075779,0.984808
sin_ming,prc-00,blk-00,roof-01,PV-module,119,1.942361,1615.54,35.140127,-0.177276,-38.565473,-0.156241,0.075779,0.984808
sin_ming,prc-00,blk-00,roof-01,PV-module,120,1.942363,1621.39,32.956061,-0.21939,-38.565473,0.156241,-0.075779,0.984808
sin_ming,prc-00,blk-00,roof-01,PV-module,121,1.942361,1616.26,34.707662,-1.068935,-38.565473,-0.156241,0.075779,0.984808
sin_ming,prc-00,blk-00,roof-01,PV-module,122,1.942361,1628.54,32.523596,-1.111049,-38.565473,0.156241,-0.075779,0.984808
sin_ming,prc-00,blk-00,roof-01,PV-module,123,1.942358,1623.98,34.275198,-1.960594,-38.565473,-0.156242,0.075779,0.984808
sin_ming,prc-00,blk-00,roof-01,PV-module,124,1.942361,1633.6,32.091132,-2.002708,-38.565473,0.156241,-0.075779,0.984808
sin_ming,prc-00,blk-00,roof-01,PV-module,125,1.942358,1628.09,33.842737,-2.852253,-38.565473,-0.156242,0.075779,0.984808
sin_ming,prc-00,blk-00,roof-01,PV-module,126,1.94236,1640.21,31.658671,-2.894367,-38.565473,0.156241,-0.075778,0.984808
sin_ming,prc-00,blk-00,roof-01,PV-module,127,1.942358,1628.07,33.410272,-3.743913,-38.565473,-0.156242,0.075779,0.984808
sin_ming,prc-00,blk-00,roof-01,PV-module,128,1.942363,1629.87,31.226206,-3.786027,-38.565473,0.156241,-0.075779,0.984808
sin_ming,prc-00,blk-00,roof-01,PV-module,129,1.94236,1632.45,32.977808,-4.635572,-38.565473,-0.156241,0.075779,0.984808
sin_ming,prc-00,blk-00,roof-01,PV-module,130,1.94236,1628.77,30.793742,-4.677685,-38.565473,0.156241,-0.075779,0.984808
sin_ming,prc-00,blk-00,roof-01,PV-module,131,1.94236,1634.69,32.545343,-5.527231,-38.565473,-0.156241,0.075779,0.984808
sin_ming,prc-00,blk-00,roof-01,PV-module,132,1.94236,1639.84,30.361277,-5.569345,-38.565473,0.156241,-0.075779,0.984808
sin_ming,prc-00,blk-00,roof-01,PV-module,133,1.942357,1637.13,32.112879,-6.41889,-38.565473,-0.156242,0.075779,0.984808
sin_ming,prc-00,blk-00,roof-01,PV-module,134,1.942359,1641.6,29.928814,-6.461004,-38.565473,0.156241,-0.075779,0.984808
sin_ming,prc-00,blk-00,roof-01,PV-module,135,1.942358,1634.37,31.680416,-7.310549,-38.565473,-0.156242,0.075779,0.984808
sin_ming,prc-00,blk-00,roof-01,PV-module,136,1.942363,1640.72,29.49635,-7.352663,-38.565473,0.156241,-0.075779,0.984808
sin_ming,prc-00,blk-00,roof-01,PV-module,137,1.942357,1636.62,31.247951,-8.202208,-38.565473,-0.156242,0.075779,0.984808
sin_ming,prc-00,blk-00,roof-01,PV-module,138,1.94236,1642.11,29.063885,-8.244322,-38.565473,0.156241,-0.075779,0.984808
sin_ming,prc-00,blk-00,roof-01,PV-module,139,1.942361,1634.78,30.815487,-9.093867,-38.565473,-0.156242,0.075779,0.984808
sin_ming,prc-00,blk-00,roof-01,PV-module,140,1.942359,1642.79,28.63142,-9.135981,-38.565473,0.156241,-0.075779,0.984808
sin_ming,prc-00,blk-00,roof-01,PV-module,141,1.942359,1633.69,30.383024,-9.985526,-38.565473,-0.156241,0.075779,0.984808
sin_ming,prc-00,blk-00,roof-01,PV-module,142,1.942362,1644.14,28.198958,-10.02764,-38.565473,0.156241,-0.075779,0.984808
sin_ming,prc-00,blk-00,roof-01,PV-module,143,1.942359,1632.91,29.950559,-10.877185,-38.565473,-0.156241,0.075779,0.984808
sin_ming,prc-00,blk-00,roof-01,PV-module,144,1.94236,1640.39,27.766493,-10.9193,-38.565473,0.156241,-0.075779,0.984808
sin_ming,prc-00,blk-00,roof-01,PV-module,145,1.942361,1630.1,29.518095,-11.768845,-38.565473,-0.156242,0.075779,0.984808
sin_ming,prc-00,blk-00,roof-01,PV-module,146,1.942359,1641.96,27.334029,-11.810958,-38.565473,0.156241,-0.075779,0.984808
sin_ming,prc-00,blk-00,roof-01,PV-module,147,1.942359,1635.75,29.08563,-12.660504,-38.565473,-0.156241,0.075779,0.984808
sin_ming,prc-00,blk-00,roof-01,PV-module,148,1.942362,1643.6,26.901566,-12.702617,-38.565473,0.156241,-0.075779,0.984808
sin_ming,prc-00,blk-00,roof-01,PV-module,149,1.942359,1635.16,28.653169,-13.552163,-38.565473,-0.156241,0.075779,0.984808
sin_ming,prc-00,blk-00,roof-01,PV-module,150,1.94236,1642.37,26.469103,-13.594276,-38.565473,0.156241,-0.075779,0.984808
sin_ming,prc-00,blk-00,roof-01,PV-module,151,1.942361,1637.17,28.220705,-14.443821,-38.565473,-0.156242,0.075779,0.984808
sin_ming,prc-00,blk-00,roof-01,PV-module,152,1.942359,1650.17,26.036639,-14.485936,-38.565473,0.156241,-0.075779,0.984808
sin_ming,prc-00,blk-00,roof-01,PV-module,153,1.942363,1632.22,27.78824,-15.335481,-38.565473,-0.156241,0.075779,0.984808
sin_ming,prc-00,blk-00,roof-01,PV-module,154,1.942361,1648.85,25.604174,-15.377595,-38.565473,0.156241,-0.075779,0.984808
sin_ming,prc-00,blk-00,roof-01,PV-module,155,1.942361,1636.5,27.355777,-16.22714,-38.565473,-0.156241,0.075779,0.984808
sin_ming,prc-00,blk-00,roof-01,PV-module,156,1.942359,1647.71,25.171709,-16.269255,-38.565473,0.156241,-0.075779,0.984808
sin_ming,prc-00,blk-00,roof-01,PV-module,157,1.942359,1637.26,26.923313,-17.118799,-38.565473,-0.156241,0.075779,0.984808
sin_ming,prc-00,blk-00,roof-01,PV-module,158,1.942359,1643.59,24.739247,-17.160912,-38.565473,0.156241,-0.075779,0.984808
sin_ming,prc-00,blk-00,roof-01,PV-module,159,1.942361,1634.94,26.490848,-18.010459,-38.565473,-0.156241,0.075779,0.984808
sin_ming,prc-00,blk-00,roof-01,PV-module,160,1.942359,1642.09,24.306782,-18.052573,-38.565473,0.156241,-0.075779,0.984808
sin_ming,prc-00,blk-00,roof-01,PV-module,161,1.942359,1637.44,26.058384,-18.902116,-38.565473,-0.156241,0.075779,0.984808
sin_ming,prc-00,blk-00,roof-01,PV-module,162,1.942359,1642.54,23.874317,-18.94423,-38.565473,0.156241,-0.075779,0.984808
sin_ming,prc-00,blk-00,roof-01,PV-module,163,1.942359,1633.03,25.625921,-19.793777,-38.565473,-0.156241,0.075779,0.984808
sin_ming,prc-00,blk-00,roof-01,PV-module,164,1.942363,1643.08,23.441855,-19.83589,-38.565473,0.156242,-0.075779,0.984808
sin_ming,prc-00,blk-00,roof-01,PV-module,165,1.942363,1630.9,25.193456,-20.685436,-38.565473,-0.156241,0.075779,0.984808
sin_ming,prc-00,blk-00,roof-01,PV-module,166,1.942359,1648.07,23.00939,-20.727549,-38.565473,0.156241,-0.075779,0.984808
sin_ming,prc-00,blk-00,roof-01,PV-module,167,1.942361,1633.78,24.760992,-21.577094,-38.565473,-0.156241,0.075779,0.984808
sin_ming,prc-00,blk-00,roof-01,PV-module,168,1.942359,1645.01,22.576926,-21.61921,-38.565473,0.156241,-0.075779,0.984808
sin_ming,prc-00,blk-00,roof-01,PV-module,169,1.942359,1632.95,24.328527,-22.468755,-38.565473,-0.156241,0.075779,0.984808
sin_ming,prc-00,blk-00,roof-01,PV-module,170,1.942361,1643.25,22.144463,-22.510867,-38.565473,0.156241,-0.075779,0.984808
sin_ming,prc-00,blk-00,roof-01,PV-module,171,1.942361,1641.18,23.896064,-23.360414,-38.565473,-0.156241,0.075779,0.984808
sin_ming,prc-00,blk-00,roof-01,PV-module,172,1.942359,1643.65,21.712,-23.402526,-38.565473,0.156241,-0.075779,0.984808
sin_ming,prc-00,blk-00,roof-01,PV-module,173,1.942359,1631.02,23.463602,-24.252073,-38.565473,-0.156241,0.075779,0.984808
sin_ming,prc-00,blk-00,roof-01,PV-module,174,1.942359,1648.23,21.279536,-24.294184,-38.565473,0.156241,-0.075779,0.984808
sin_ming,prc-00,blk-00,roof-01,PV-module,175,1.942359,1635.07,23.031137,-25.14373,-38.565473,-0.156241,0.075779,0.984808
sin_ming,prc-00,blk-00,roof-01,PV-module,176,1.942364,1640.57,20.847071,-25.185845,-38.565473,0.156241,-0.075779,0.984808
sin_ming,prc-00,blk-00,roof-01,PV-module,177,1.942361,1637.83,22.598673,-26.03539,-38.565473,-0.156241,0.075779,0.984808
sin_ming,prc-00,blk-00,roof-01,PV-module,178,1.942359,1639.06,20.414606,-26.077506,-38.565473,0.156241,-0.075779,0.984808
sin_ming,prc-00,blk-00,roof-01,PV-module,179,1.942361,1634.93,22.16621,-26.927049,-38.565473,-0.156241,0.075779,0.984808
sin_ming,prc-00,blk-00,roof-01,PV-module,180,1.942359,1645.06,19.982144,-26.969163,-38.565473,0.156241,-0.075779,0.984808
sin_ming,prc-00,blk-00,roof-01,PV-module,181,1.942359,1638.12,21.733745,-27.81871,-38.565473,-0.156241,0.075779,0.984808
sin_ming,prc-00,blk-00,roof-01,PV-module,182,1.942361,1643.23,19.549679,-27.860823,-38.565473,0.156241,-0.075779,0.984808
sin_ming,prc-00,blk-00,roof-01,PV-module,183,1.942359,1631.39,21.301281,-28.710367,-38.565473,-0.156241,0.075779,0.984808
sin_ming,prc-00,blk-00,roof-01,PV-module,184,1.942359,1641.38,19.117214,-28.75248,-38.565473,0.156241,-0.075779,0.984808
sin_ming,prc-00,blk-00,roof-01,PV-module,185,1.942359,1640.9,20.868818,-29.602027,-38.565473,-0.156241,0.075779,0.984808
sin_ming,prc-00,blk-00,roof-01,PV-module,186,1.942359,1647.3,18.684752,-29.644141,-38.565473,0.156241,-0.075779,0.984808
sin_ming,prc-00,blk-00,roof-01,PV-module,187,1.942361,1643.84,20.436353,-30.493684,-38.565473,-0.156241,0.075779,0.984808
sin_ming,prc-00,blk-00,roof-01,PV-module,188,1.942364,1646.46,18.252287,-30.5358,-38.565473,0.156241,-0.075779,0.984808
sin_ming,prc-00,blk-00,roof-01,PV-module,189,1.942357,1638.01,20.003889,-31.385345,-38.565473,-0.156241,0.075779,0.984808
sin_ming,prc-00,blk-00,roof-01,PV-module,190,1.942361,1652.85,17.819823,-31.427458,-38.565473,0.156241,-0.075779,0.984808
sin_ming,prc-00,blk-00,roof-01,PV-module,191,1.942358,1634.25,19.571424,-32.277006,-38.565473,-0.156242,0.075779,0.984808
sin_ming,prc-00,blk-00,roof-01,PV-module,192,1.94236,1645.63,17.387358,-32.319117,-38.565473,0.156241,-0.075779,0.984808
sin_ming,prc-00,blk-00,roof-01,PV-module,193,1.94236,1638.95,19.138961,-33.168661,-38.565473,-0.156241,0.075779,0.984808
sin_ming,prc-00,blk-00,roof-01,PV-module,194,1.942358,1579.25,37.329863,-1.23932,-38.565473,0.156242,-0.075779,0.984808
sin_ming,prc-00,blk-00,roof-01,PV-module,195,1.942362,1571.28,39.081464,-2.088866,-38.565473,-0.156241,0.075779,0.984808
sin_ming,prc-00,blk-00,roof-01,PV-module,196,1.942361,1595.91,36.897398,-2.130979,-38.565473,0.156241,-0.075779,0.984808
sin_ming,prc-00,blk-00,roof-01,PV-module,197,1.942362,1600.82,38.649,-2.980524,-38.565473,-0.156241,0.075779,0.984808
sin_ming,prc-00,blk-00,roof-01,PV-module,198,1.942362,1613.05,36.464934,-3.022638,-38.565473,0.156241,-0.075779,0.984808
sin_ming,prc-00,blk-00,roof-01,PV-module,199,1.942361,1620.59,38.216535,-3.872184,-38.565473,-0.156241,0.075779,0.984808
sin_ming,prc-00,blk-00,roof-01,PV-module,200,1.942361,1630.06,36.032469,-3.914298,-38.565473,0.156241,-0.075779,0.984808
sin_ming,prc-00,blk-00,roof-01,PV-module,201,1.942358,1626.72,37.784071,-4.763843,-38.565473,-0.156242,0.075779,0.984808
sin_ming,prc-00,blk-00,roof-01,PV-module,202,1.942358,1633.6,35.600008,-4.805956,-38.565473,0.156242,-0.075779,0.984808
sin_ming,prc-00,blk-00,roof-01,PV-module,203,1.942358,1626.73,37.351606,-5.655502,-38.565473,-0.156242,0.075779,0.984808
sin_ming,prc-00,blk-00,roof-01,PV-module,204,1.942358,1638.15,35.167544,-5.697616,-38.565473,0.156242,-0.075779,0.984808
sin_ming,prc-00,blk-00,roof-01,PV-module,205,1.942358,1631.63,36.919141,-6.547161,-38.565473,-0.156242,0.075779,0.984808
sin_ming,prc-00,blk-00,roof-01,PV-module,206,1.942361,1639.38,34.735079,-6.589275,-38.565473,0.156241,-0.075779,0.984808
sin_ming,prc-00,blk-00,roof-01,PV-module,207,1.942361,1632.54,36.486681,-7.43882,-38.565473,-0.156241,0.075779,0.984808
sin_ming,prc-00,blk-00,roof-01,PV-module,208,1.942363,1640.75,34.302615,-7.480934,-38.565473,0.156241,-0.075779,0.984808
sin_ming,prc-00,blk-00,roof-01,PV-module,209,1.94236,1633.08,36.054216,-8.330479,-38.565473,-0.156241,0.075779,0.984808
sin_ming,prc-00,blk-00,roof-01,PV-module,210,1.942362,1638.38,33.87015,-8.372593,-38.565473,0.156241,-0.075779,0.984808
sin_ming,prc-00,blk-00,roof-01,PV-module,211,1.942363,1626.9,35.621751,-9.222138,-38.565473,-0.156241,0.075779,0.984808
sin_ming,prc-00,blk-00,roof-01,PV-module,212,1.942361,1638.28,33.437685,-9.264252,-38.565473,0.156241,-0.075779,0.984808
sin_ming,prc-00,blk-00,roof-01,PV-module,213,1.942358,1627.85,35.189287,-10.113798,-38.565473,-0.156242,0.075779,0.984808
sin_ming,prc-00,blk-00,roof-01,PV-module,214,1.942362,1642.65,33.005221,-10.155911,-38.565473,0.156241,-0.075779,0.984808
sin_ming,prc-00,blk-00,roof-01,PV-module,215,1.942358,1637.84,34.756826,-11.005456,-38.565473,-0.156242,0.075779,0.984808
sin_ming,prc-00,blk-00,roof-01,PV-module,216,1.94236,1638.55,32.57276,-11.04757,-38.565473,0.156241,-0.075778,0.984808
sin_ming,prc-00,blk-00,roof-01,PV-module,217,1.942363,1638.62,34.324362,-11.897115,-38.565473,-0.156241,0.075779,0.984808
sin_ming,prc-00,blk-00,roof-01,PV-module,218,1.942363,1643.36,32.140295,-11.939231,-38.565473,0.156241,-0.075779,0.984808
sin_ming,prc-00,blk-00,roof-01,PV-module,219,1.942361,1632.86,33.891897,-12.788774,-38.565473,-0.156241,0.075779,0.984808
sin_ming,prc-00,blk-00,roof-01,PV-module,220,1.942364,1639.3,31.707831,-12.830889,-38.565473,0.156241,-0.075779,0.984808
sin_ming,prc-00,blk-00,roof-01,PV-module,221,1.942361,1634.83,33.459432,-13.680435,-38.565473,-0.156241,0.075779,0.984808
sin_ming,prc-00,blk-00,roof-01,PV-module,222,1.942362,1644.57,31.275366,-13.722548,-38.565473,0.156241,-0.075779,0.984808
sin_ming,prc-00,blk-00,roof-01,PV-module,223,1.942359,1632.12,33.026968,-14.572092,-38.565473,-0.156242,0.075779,0.984808
sin_ming,prc-00,blk-00,roof-01,PV-module,224,1.942359,1641.71,30.842902,-14.614207,-38.565473,0.156241,-0.075779,0.984808
sin_ming,prc-00,blk-00,roof-01,PV-module,225,1.94236,1641.31,32.594503,-15.463753,-38.565473,-0.156242,0.075779,0.984808
sin_ming,prc-00,blk-00,roof-01,PV-module,226,1.942361,1641.96,30.410439,-15.505866,-38.565473,0.156241,-0.075779,0.984808
sin_ming,prc-00,blk-00,roof-01,PV-module,227,1.942358,1639.78,32.162039,-16.355413,-38.565473,-0.156242,0.075778,0.984808
sin_ming,prc-00,blk-00,roof-01,PV-module,228,1.942359,1640.3,29.977976,-16.397524,-38.565473,0.156241,-0.075779,0.984808
sin_ming,prc-00,blk-00,roof-01,PV-module,229,1.942359,1629.92,31.729578,-17.247072,-38.565473,-0.156241,0.075779,0.984808
sin_ming,prc-00,blk-00,roof-01,PV-module,230,1.942359,1640.8,29.545512,-17.289183,-38.565473,0.156241,-0.075779,0.984808
sin_ming,prc-00,blk-00,roof-01,PV-module,231,1.942359,1638.3,31.297113,-18.13873,-38.565473,-0.156241,0.075779,0.984808
sin_ming,prc-00,blk-00,roof-01,PV-module,232,1.942361,1640.22,29.113047,-18.180842,-38.565473,0.156241,-0.075779,0.984808
sin_ming,prc-00,blk-00,roof-01,PV-module,233,1.942359,1632.71,30.864649,-19.030389,-38.565473,-0.156241,0.075779,0.984808
sin_ming,prc-00,blk-00,roof-01,PV-module,234,1.942359,1641.0,28.680582,-19.072501,-38.565473,0.156241,-0.075779,0.984808
sin_ming,prc-00,blk-00,roof-01,PV-module,235,1.942359,1642.77,30.432186,-19.922048,-38.565473,-0.156241,0.075779,0.984808
sin_ming,prc-00,blk-00,roof-01,PV-module,236,1.942363,1639.53,28.24812,-19.96416,-38.565473,0.156242,-0.075779,0.984808
sin_ming,prc-00,blk-00,roof-01,PV-module,237,1.942364,1629.12,29.999721,-20.813707,-38.565473,-0.156241,0.075779,0.984808
sin_ming,prc-00,blk-00,roof-01,PV-module,238,1.942359,1647.51,27.815655,-20.85582,-38.565473,0.156241,-0.075779,0.984808
sin_ming,prc-00,blk-00,roof-01,PV-module,239,1.942359,1630.82,29.567257,-21.705367,-38.565473,-0.156241,0.075779,0.984808
sin_ming,prc-00,blk-00,roof-01,PV-module,240,1.942359,1647.91,27.38319,-21.747481,-38.565473,0.156241,-0.075779,0.984808
sin_ming,prc-00,blk-00,roof-01,PV-module,241,1.942359,1638.66,29.134794,-22.597024,-38.565473,-0.156241,0.075779,0.984808
sin_ming,prc-00,blk-00,roof-01,PV-module,242,1.942359,1639.34,26.950726,-22.639138,-38.565473,0.156241,-0.075779,0.984808
sin_ming,prc-00,blk-00,roof-01,PV-module,243,1.942361,1627.25,28.702329,-23.488685,-38.565473,-0.156241,0.075779,0.984808
sin_ming,prc-00,blk-00,roof-01,PV-module,244,1.942359,1645.64,26.518263,-23.530799,-38.565473,0.156241,-0.075779,0.984808
sin_ming,prc-00,blk-00,roof-01,PV-module,245,1.942359,1640.05,28.269865,-24.380342,-38.565473,-0.156241,0.075779,0.984808
sin_ming,prc-00,blk-00,roof-01,PV-module,246,1.942359,1646.52,26.085799,-24.422455,-38.565473,0.156241,-0.075779,0.984808
sin_ming,prc-00,blk-00,roof-01,PV-module,247,1.942359,1632.35,27.8374,-25.272003,-38.565473,-0.156241,0.075779,0.984808
sin_ming,prc-00,blk-00,roof-01,PV-module,248,1.942364,1646.8,25.653336,-25.314116,-38.565473,0.156241,-0.075779,0.984808
sin_ming,prc-00,blk-00,roof-01,PV-module,249,1.942364,1639.2,27.404937,-26.163663,-38.565473,-0.156241,0.075779,0.984808
sin_ming,prc-00,blk-00,roof-01,PV-module,250,1.942359,1645.5,25.220873,-26.205775,-38.565473,0.156241,-0.075779,0.984808
sin_ming,prc-00,blk-00,roof-01,PV-module,251,1.942359,1638.73,26.972475,-27.05532,-38.565473,-0.156241,0.075779,0.984808
sin_ming,prc-00,blk-00,roof-01,PV-module,252,1.942359,1643.15,24.788409,-27.097436,-38.565473,0.156241,-0.075779,0.984808
sin_ming,prc-00,blk-00,roof-01,PV-module,253,1.942359,1636.82,26.54001,-27.946981,-38.565473,-0.156241,0.075779,0.984808
sin_ming,prc-00,blk-00,roof-01,PV-module,254,1.942361,1643.86,24.355944,-27.989092,-38.565473,0.156241,-0.075779,0.984808
sin_ming,prc-00,blk-00,roof-01,PV-module,255,1.942359,1639.39,26.107547,-28.83864,-38.565473,-0.156241,0.075779,0.984808
sin_ming,prc-00,blk-00,roof-01,PV-module,256,1.942359,1642.68,23.923479,-28.880751,-38.565473,0.156241,-0.075779,0.984808
sin_ming,prc-00,blk-00,roof-01,PV-module,257,1.942359,1639.14,25.675083,-29.730298,-38.565473,-0.156241,0.075779,0.984808
sin_ming,prc-00,blk-00,roof-01,PV-module,258,1.942359,1646.05,23.491017,-29.77241,-38.565473,0.156241,-0.075779,0.984808
sin_ming,prc-00,blk-00,roof-01,PV-module,259,1.942359,1639.95,25.242618,-30.621955,-38.565473,-0.156241,0.075779,0.984808
sin_ming,prc-00,blk-00,roof-01,PV-module,260,1.942364,1640.07,23.058552,-30.664071,-38.565473,0.156241,-0.075779,0.984808
sin_ming,prc-00,blk-00,roof-01,PV-module,261,1.94236,1637.4,24.810154,-31.513616,-38.565473,-0.156242,0.075779,0.984808
sin_ming,prc-00,blk-00,roof-01,PV-module,262,1.942359,1649.37,22.626087,-31.555729,-38.565473,0.156241,-0.075779,0.984808
sin_ming,prc-00,blk-00,roof-01,PV-module,263,1.942356,1635.94,24.377691,-32.405279,-38.565473,-0.156241,0.075779,0.984808
sin_ming,prc-00,blk-00,roof-01,PV-module,264,1.94236,1641.16,22.193625,-32.44739,-38.565473,0.156242,-0.075779,0.984808
sin_ming,prc-00,blk-00,roof-01,PV-module,265,1.942362,1632.8,23.945226,-33.296934,-38.565473,-0.156241,0.075779,0.984808
sin_ming,prc-00,blk-00,roof-01,PV-module,266,1.942364,1637.02,21.76116,-33.339049,-38.565473,0.156241,-0.075779,0.984808
sin_ming,prc-00,blk-00,roof-01,PV-module,267,1.942363,1637.83,23.512762,-34.188596,-38.565473,-0.156242,0.075779,0.984808
sin_ming,prc-00,blk-00,roof-01,PV-module,268,1.94236,1642.81,21.328696,-34.230708,-38.565473,0.156241,-0.075779,0.984808
sin_ming,prc-00,blk-00,roof-01,PV-module,269,1.942358,1636.67,23.080297,-35.080251,-38.565473,-0.156242,0.075779,0.984808
sin_ming,prc-00,blk-00,roof-01,PV-module,270,1.942358,1573.26,41.2712,-3.15091,-38.565473,0.156242,-0.075779,0.984808
sin_ming,prc-00,blk-00,roof-01,PV-module,271,1.942358,1573.97,43.022798,-4.000455,-38.565473,-0.156242,0.075779,0.984808
sin_ming,prc-00,blk-00,roof-01,PV-module,272,1.942358,1602.72,40.838736,-4.042569,-38.565473,0.156242,-0.075779,0.984808
sin_ming,prc-00,blk-00,roof-01,PV-module,273,1.942361,1597.62,42.590334,-4.892114,-38.565473,-0.156241,0.075779,0.984808
sin_ming,prc-00,blk-00,roof-01,PV-module,274,1.942361,1624.84,40.406271,-4.934228,-38.565473,0.156241,-0.075779,0.984808
sin_ming,prc-00,blk-00,roof-01,PV-module,275,1.942362,1617.62,42.157873,-5.783773,-38.565473,-0.156241,0.075779,0.984808
sin_ming,prc-00,blk-00,roof-01,PV-module,276,1.942362,1626.62,39.973807,-5.825887,-38.565473,0.156241,-0.075779,0.984808
sin_ming,prc-00,blk-00,roof-01,PV-module,277,1.942361,1628.55,41.725408,-6.675433,-38.565473,-0.156241,0.075779,0.984808
sin_ming,prc-00,blk-00,roof-01,PV-module,278,1.942361,1634.96,39.541342,-6.717546,-38.565473,0.156241,-0.075779,0.984808
sin_ming,prc-00,blk-00,roof-01,PV-module,279,1.942358,1626.34,41.292944,-7.567091,-38.565473,-0.156242,0.075779,0.984808
sin_ming,prc-00,blk-00,roof-01,PV-module,280,1.942359,1629.22,39.108877,-7.609205,-38.565473,0.156242,-0.075779,0.984808
sin_ming,prc-00,blk-00,roof-01,PV-module,281,1.942357,1630.94,40.860483,-8.45875,-38.565473,-0.156242,0.075779,0.984808
sin_ming,prc-00,blk-00,roof-01,PV-module,282,1.942359,1642.77,38.676417,-8.500865,-38.565473,0.156242,-0.075779,0.984808
sin_ming,prc-00,blk-00,roof-01,PV-module,283,1.942359,1630.46,40.428018,-9.350409,-38.565473,-0.156242,0.075779,0.984808
sin_ming,prc-00,blk-00,roof-01,PV-module,284,1.942361,1640.55,38.243952,-9.392523,-38.565473,0.156241,-0.075779,0.984808
sin_ming,prc-00,blk-00,roof-01,PV-module,285,1.942361,1631.13,39.995554,-10.242069,-38.565473,-0.156241,0.075779,0.984808
sin_ming,prc-00,blk-00,roof-01,PV-module,286,1.942363,1639.96,37.811487,-10.284183,-38.565473,0.156241,-0.075779,0.984808
sin_ming,prc-00,blk-00,roof-01,PV-module,287,1.942361,1635.18,39.563089,-11.133727,-38.565473,-0.156241,0.075779,0.984808
sin_ming,prc-00,blk-00,roof-01,PV-module,288,1.942361,1647.07,37.379023,-11.175842,-38.565473,0.156241,-0.075779,0.984808
sin_ming,prc-00,blk-00,roof-01,PV-module,289,1.942363,1631.84,39.130624,-12.025387,-38.565473,-0.156241,0.075779,0.984808
sin_ming,prc-00,blk-00,roof-01,PV-module,290,1.942361,1647.02,36.946558,-12.067501,-38.565473,0.156241,-0.075779,0.984808
sin_ming,prc-00,blk-00,roof-01,PV-module,291,1.942358,1635.33,38.69816,-12.917046,-38.565473,-0.156242,0.075779,0.984808
sin_ming,prc-00,blk-00,roof-01,PV-module,292,1.942359,1645.61,36.514094,-12.959159,-38.565473,0.156242,-0.075779,0.984808
sin_ming,prc-00,blk-00,roof-01,PV-module,293,1.942358,1633.71,38.265699,-13.808705,-38.565473,-0.156242,0.075779,0.984808
sin_ming,prc-00,blk-00,roof-01,PV-module,294,1.942358,1646.44,36.081633,-13.850819,-38.565473,0.156242,-0.075779,0.984808
sin_ming,prc-00,blk-00,roof-01,PV-module,295,1.942363,1634.17,37.833234,-14.700364,-38.565473,-0.156241,0.075779,0.984808
sin_ming,prc-00,blk-00,roof-01,PV-module,296,1.942361,1643.6,35.649168,-14.742478,-38.565473,0.156241,-0.075779,0.984808
sin_ming,prc-00,blk-00,roof-01,PV-module,297,1.942363,1637.38,37.40077,-15.592023,-38.565473,-0.156241,0.075779,0.984808
sin_ming,prc-00,blk-00,roof-01,PV-module,298,1.942361,1641.63,35.216704,-15.634138,-38.565473,0.156241,-0.075779,0.984808
sin_ming,prc-00,blk-00,roof-01,PV-module,299,1.942363,1633.38,36.968305,-16.483682,-38.565473,-0.156241,0.075779,0.984808
sin_ming,prc-00,blk-00,roof-01,PV-module,300,1.94236,1643.83,34.784239,-16.525796,-38.565473,0.156241,-0.075779,0.984808
sin_ming,prc-00,blk-00,roof-01,PV-module,301,1.942361,1637.82,36.535841,-17.375343,-38.565473,-0.156241,0.075779,0.984808
sin_ming,prc-00,blk-00,roof-01,PV-module,302,1.942358,1648.25,34.351778,-17.417456,-38.565473,0.156242,-0.075779,0.984808
sin_ming,prc-00,blk-00,roof-01,PV-module,303,1.942358,1637.26,36.103376,-18.267,-38.565473,-0.156242,0.075779,0.984808
sin_ming,prc-00,blk-00,roof-01,PV-module,304,1.942357,1640.82,33.919314,-18.309113,-38.565473,0.156242,-0.075779,0.984808
sin_ming,prc-00,blk-00,roof-01,PV-module,305,1.942358,1639.76,35.670911,-19.15866,-38.565473,-0.156242,0.075779,0.984808
sin_ming,prc-00,blk-00,roof-01,PV-module,306,1.942358,1642.51,33.486849,-19.200774,-38.565473,0.156242,-0.075779,0.984808
sin_ming,prc-00,blk-00,roof-01,PV-module,307,1.942361,1631.69,35.238451,-20.050317,-38.565473,-0.156241,0.075779,0.984808
sin_ming,prc-00,blk-00,roof-01,PV-module,308,1.942366,1639.38,33.054385,-20.092433,-38.565473,0.156241,-0.075779,0.984808
sin_ming,prc-00,blk-00,roof-01,PV-module,309,1.942364,1640.33,34.805986,-20.941978,-38.565473,-0.156241,0.075779,0.984808
sin_ming,prc-00,blk-00,roof-01,PV-module,310,1.942363,1646.77,32.62192,-20.984091,-38.565473,0.156241,-0.075779,0.984808
sin_ming,prc-00,blk-00,roof-01,PV-module,311,1.942361,1638.38,34.373522,-21.833639,-38.565473,-0.156241,0.075779,0.984808
sin_ming,prc-00,blk-00,roof-01,PV-module,312,1.942361,1644.7,32.189455,-21.87575,-38.565473,0.156241,-0.075779,0.984808
sin_ming,prc-00,blk-00,roof-01,PV-module,313,1.942358,1639.97,33.941057,-22.725297,-38.565473,-0.156242,0.075779,0.984808
sin_ming,prc-00,blk-00,roof-01,PV-module,314,1.942361,1646.32,31.756991,-22.767409,-38.565473,0.156241,-0.075779,0.984808
sin_ming,prc-00,blk-00,roof-01,PV-module,315,1.942357,1638.45,33.508592,-23.616956,-38.565473,-0.156242,0.075779,0.984808
sin_ming,prc-00,blk-00,roof-01,PV-module,316,1.942359,1645.48,31.324528,-23.659068,-38.565473,0.156241,-0.075779,0.984808
sin_ming,prc-00,blk-00,roof-01,PV-module,317,1.942356,1640.06,33.076132,-24.508613,-38.565473,-0.156242,0.075779,0.984808
sin_ming,prc-00,blk-00,roof-01,PV-module,318,1.942359,1640.75,30.892063,-24.550728,-38.565473,0.156241,-0.075779,0.984808
sin_ming,prc-00,blk-00,roof-01,PV-module,319,1.942359,1630.81,32.643667,-25.400274,-38.565473,-0.156241,0.075779,0.984808
sin_ming,prc-00,blk-00,roof-01,PV-module,320,1.942363,1645.25,30.459601,-25.442385,-38.565473,0.156242,-0.075779,0.984808
sin_ming,prc-00,blk-00,roof-01,PV-module,321,1.942363,1627.91,32.211202,-26.291932,-38.565473,-0.156242,0.075779,0.984808
sin_ming,prc-00,blk-00,roof-01,PV-module,322,1.942359,1645.09,30.027136,-26.334046,-38.565473,0.156241,-0.075779,0.984808
sin_ming,prc-00,blk-00,roof-01,PV-module,323,1.942357,1636.84,31.778738,-27.183593,-38.565473,-0.156242,0.075779,0.984808
sin_ming,prc-00,blk-00,roof-01,PV-module,324,1.942359,1637.05,29.594672,-27.225707,-38.565473,0.156241,-0.075779,0.984808
sin_ming,prc-00,blk-00,roof-01,PV-module,325,1.942358,1635.0,31.346273,-28.07525,-38.565473,-0.156242,0.075779,0.984808
sin_ming,prc-00,blk-00,roof-01,PV-module,326,1.942361,1652.1,29.162209,-28.117364,-38.565473,0.156241,-0.075779,0.984808
sin_ming,prc-00,blk-00,roof-01,PV-module,327,1.942361,1635.33,30.91381,-28.966911,-38.565473,-0.156241,0.075779,0.984808
sin_ming,prc-00,blk-00,roof-01,PV-module,328,1.942359,1636.3,28.729746,-29.009024,-38.565473,0.156241,-0.075779,0.984808
sin_ming,prc-00,blk-00,roof-01,PV-module,329,1.942359,1636.39,30.481348,-29.858568,-38.565473,-0.156241,0.075779,0.984808
sin_ming,prc-00,blk-00,roof-01,PV-module,330,1.942359,1644.82,28.297282,-29.900681,-38.565473,0.156241,-0.075779,0.984808
sin_ming,prc-00,blk-00,roof-01,PV-module,331,1.942359,1642.55,30.048883,-30.750228,-38.565473,-0.156241,0.075779,0.984808
sin_ming,prc-00,blk-00,roof-01,PV-module,332,1.942364,1641.38,27.864817,-30.792342,-38.565473,0.156241,-0.075779,0.984808
sin_ming,prc-00,blk-00,roof-01,PV-module,333,1.942358,1635.01,29.616419,-31.641889,-38.565473,-0.156242,0.075779,0.984808
sin_ming,prc-00,blk-00,roof-01,PV-module,334,1.942361,1641.45,27.432352,-31.684001,-38.565473,0.156241,-0.075779,0.984808
sin_ming,prc-00,blk-00,roof-01,PV-module,335,1.942356,1634.71,29.183956,-32.533544,-38.565473,-0.156242,0.075779,0.984808
sin_ming,prc-00,blk-00,roof-01,PV-module,336,1.94236,1648.63,26.99989,-32.575663,-38.565473,0.156241,-0.075779,0.984808
sin_ming,prc-00,blk-00,roof-01,PV-module,337,1.942358,1633.6,28.751491,-33.425207,-38.565473,-0.156242,0.075779,0.984808
sin_ming,prc-00,blk-00,roof-01,PV-module,338,1.942364,1640.15,26.567425,-33.467318,-38.565473,0.156241,-0.075779,0.984808
sin_ming,prc-00,blk-00,roof-01,PV-module,339,1.942363,1637.61,28.319027,-34.316865,-38.565473,-0.156242,0.075779,0.984808
sin_ming,prc-00,blk-00,roof-01,PV-module,340,1.942358,1639.6,26.13496,-34.358981,-38.565473,0.156242,-0.075779,0.984808
sin_ming,prc-00,blk-00,roof-01,PV-module,341,1.94236,1637.97,27.886564,-35.208524,-38.565473,-0.156241,0.075779,0.984808
sin_ming,prc-00,blk-00,roof-01,PV-module,342,1.942358,1639.48,25.702496,-35.250636,-38.565473,0.156242,-0.075779,0.984808
sin_ming,prc-00,blk-00,roof-01,PV-module,343,1.942362,1637.18,27.454099,-36.100187,-38.565473,-0.156241,0.075779,0.984808
sin_ming,prc-00,blk-00,roof-01,PV-module,344,1.94236,1642.98,25.270033,-36.142298,-38.565473,0.156241,-0.075779,0.984808
sin_ming,prc-00,blk-00,roof-01,PV-module,345,1.94236,1637.12,27.021635,-36.991842,-38.565473,-0.156241,0.075779,0.984808
sin_ming,prc-00,blk-00,roof-01,PV-module,346,1.942358,1620.82,44.780073,-5.954158,-38.565473,0.156242,-0.075779,0.984808
sin_ming,prc-00,blk-00,roof-01,PV-module,347,1.942358,1636.5,44.347609,-6.845817,-38.565473,0.156242,-0.075779,0.984808
sin_ming,prc-00,blk-00,roof-01,PV-module,348,1.942362,1632.15,43.915144,-7.737476,-38.565473,0.156241,-0.075779,0.984808
sin_ming,prc-00,blk-00,roof-01,PV-module,349,1.942362,1633.09,43.48268,-8.629136,-38.565473,0.156241,-0.075779,0.984808
sin_ming,prc-00,blk-00,roof-01,PV-module,350,1.942361,1639.49,43.050215,-9.520794,-38.565473,0.156241,-0.075779,0.984808
sin_ming,prc-00,blk-00,roof-01,PV-module,351,1.942359,1639.79,42.617754,-10.412454,-38.565473,0.156242,-0.075779,0.984808
sin_ming,prc-00,blk-00,roof-01,PV-module,352,1.942358,1641.78,42.18529,-11.304114,-38.565473,0.156242,-0.075779,0.984808
sin_ming,prc-00,blk-00,roof-01,PV-module,353,1.942361,1641.71,41.752825,-12.195771,-38.565473,0.156241,-0.075779,0.984808
sin_ming,prc-00,blk-00,roof-01,PV-module,354,1.942363,1641.65,41.32036,-13.087432,-38.565473,0.156241,-0.075779,0.984808
sin_ming,prc-00,blk-00,roof-01,PV-module,355,1.942361,1641.03,40.887896,-13.97909,-38.565473,0.156241,-0.075779,0.984808
sin_ming,prc-00,blk-00,roof-01,PV-module,356,1.942361,1641.02,40.455431,-14.870749,-38.565473,0.156241,-0.075779,0.984808
sin_ming,prc-00,blk-00,roof-01,PV-module,357,1.942358,1641.0,40.022967,-15.762409,-38.565473,0.156242,-0.075779,0.984808
sin_ming,prc-00,blk-00,roof-01,PV-module,358,1.942356,1639.86,39.590506,-16.654067,-38.565473,0.156242,-0.075779,0.984808
sin_ming,prc-00,blk-00,roof-01,PV-module,359,1.942361,1645.44,39.158041,-17.545725,-38.565473,0.156241,-0.075779,0.984808
sin_ming,prc-00,blk-00,roof-01,PV-module,360,1.942361,1645.41,38.725577,-18.437384,-38.565473,0.156241,-0.075779,0.984808
sin_ming,prc-00,blk-00,roof-01,PV-module,361,1.942361,1645.38,38.293112,-19.329043,-38.565473,0.156241,-0.075779,0.984808
sin_ming,prc-00,blk-00,roof-01,PV-module,362,1.942361,1645.35,37.860647,-20.220704,-38.565473,0.156242,-0.075778,0.984808
sin_ming,prc-00,blk-00,roof-01,PV-module,363,1.942357,1630.61,37.428183,-21.112364,-38.565473,0.156242,-0.075779,0.984808
sin_ming,prc-00,blk-00,roof-01,PV-module,364,1.942358,1630.6,36.995722,-22.004021,-38.565473,0.156242,-0.075779,0.984808
sin_ming,prc-00,blk-00,roof-01,PV-module,365,1.942361,1630.58,36.563258,-22.895682,-38.565473,0.156241,-0.075779,0.984808
sin_ming,prc-00,blk-00,roof-01,PV-module,366,1.942361,1630.56,36.130793,-23.787339,-38.565473,0.156241,-0.075779,0.984808
sin_ming,prc-00,blk-00,roof-01,PV-module,367,1.942361,1642.62,35.698328,-24.679,-38.565473,0.156241,-0.075779,0.984808
sin_ming,prc-00,blk-00,roof-01,PV-module,368,1.942361,1642.58,35.265864,-25.570658,-38.565473,0.156242,-0.075778,0.984808
sin_ming,prc-00,blk-00,roof-01,PV-module,369,1.942358,1642.53,34.833403,-26.462319,-38.565473,0.156242,-0.075779,0.984808
sin_ming,prc-00,blk-00,roof-01,PV-module,370,1.942361,1642.49,34.400938,-27.353976,-38.565473,0.156241,-0.075779,0.984808
sin_ming,prc-00,blk-00,roof-01,PV-module,371,1.942361,1626.3,33.968474,-28.245635,-38.565473,0.156241,-0.075779,0.984808
sin_ming,prc-00,blk-00,roof-01,PV-module,372,1.942361,1626.27,33.536009,-29.137293,-38.565473,0.156241,-0.075779,0.984808
sin_ming,prc-00,blk-00,roof-01,PV-module,373,1.942361,1626.23,33.103545,-30.028954,-38.565473,0.156241,-0.075779,0.984808
sin_ming,prc-00,blk-00,roof-01,PV-module,374,1.942364,1626.2,32.67108,-30.920611,-38.565473,0.156241,-0.075779,0.984808
sin_ming,prc-00,blk-00,roof-01,PV-module,375,1.942359,1630.08,32.238619,-31.812272,-38.565473,0.156241,-0.075778,0.984808
sin_ming,prc-00,blk-00,roof-01,PV-module,376,1.942364,1630.04,31.806155,-32.703929,-38.565473,0.156241,-0.075779,0.984808
sin_ming,prc-00,blk-00,roof-01,PV-module,377,1.942366,1630.0,31.37369,-33.595591,-38.565473,0.156241,-0.075779,0.984808
sin_ming,prc-00,blk-00,roof-01,PV-module,378,1.942362,1629.97,30.941225,-34.487246,-38.565473,0.156241,-0.075779,0.984808
sin_ming,prc-00,blk-00,roof-01,PV-module,379,1.94236,1640.08,30.508763,-35.378909,-38.565473,0.156241,-0.075779,0.984808
sin_ming,prc-00,blk-00,roof-01,PV-module,380,1.942362,1640.04,30.076298,-36.270568,-38.565473,0.156241,-0.075779,0.984808
sin_ming,prc-00,blk-00,roof-01,PV-module,381,1.94236,1640.01,29.643833,-37.162226,-38.565473,0.156241,-0.075779,0.984808
sin_ming,prc-00,blk-00,roof-01,PV-module,382,1.94236,1639.98,29.211371,-38.053881,-38.565473,0.156241,-0.075779,0.984808
sin_ming,prc-00,blk-00,roof-02,PV-module,1,1.94236,1548.43,-22.383033,26.243567,-38.565473,0.075755,0.156253,0.984808
sin_ming,prc-00,blk-00,roof-02,PV-module,2,1.942362,1584.25,-23.274761,26.675892,-38.565473,0.075755,0.156253,0.984808
sin_ming,prc-00,blk-00,roof-02,PV-module,3,1.942362,1598.18,-24.166485,27.10822,-38.565473,0.075755,0.156253,0.984808
sin_ming,prc-00,blk-00,roof-02,PV-module,4,1.94236,1543.08,-21.533758,27.995298,-38.565473,-0.075755,-0.156253,0.984808
sin_ming,prc-00,blk-00,roof-02,PV-module,5,1.942362,1608.09,-25.05821,27.540547,-38.565473,0.075755,0.156253,0.984808
sin_ming,prc-00,blk-00,roof-02,PV-module,6,1.94236,1580.49,-22.425484,28.427625,-38.565473,-0.075755,-0.156253,0.984808
sin_ming,prc-00,blk-00,roof-02,PV-module,7,1.94236,1613.97,-25.949937,27.972872,-38.565473,0.075755,0.156253,0.984808
sin_ming,prc-00,blk-00,roof-02,PV-module,8,1.94236,1593.61,-23.31721,28.859953,-38.565473,-0.075755,-0.156253,0.984808
sin_ming,prc-00,blk-00,roof-02,PV-module,9,1.942358,1618.29,-26.841661,28.405199,-38.565473,0.075755,0.156253,0.984808
sin_ming,prc-00,blk-00,roof-02,PV-module,10,1.942358,1599.51,-24.208935,29.29228,-38.565473,-0.075755,-0.156253,0.984808
sin_ming,prc-00,blk-00,roof-02,PV-module,11,1.94236,1612.46,-27.733387,28.837527,-38.565473,0.075755,0.156253,0.984808
sin_ming,prc-00,blk-00,roof-02,PV-module,12,1.94236,1605.17,-25.100659,29.724607,-38.565473,-0.075755,-0.156253,0.984808
sin_ming,prc-00,blk-00,roof-02,PV-module,13,1.94236,1619.8,-28.625112,29.269854,-38.565473,0.075755,0.156253,0.984808
sin_ming,prc-00,blk-00,roof-02,PV-module,14,1.94236,1611.25,-25.992384,30.156934,-38.565473,-0.075755,-0.156253,0.984808
sin_ming,prc-00,blk-00,roof-02,PV-module,15,1.94236,1623.04,-29.516838,29.702181,-38.565473,0.075755,0.156253,0.984808
sin_ming,prc-00,blk-00,roof-02,PV-module,16,1.94236,1615.87,-26.884112,30.589262,-38.565473,-0.075755,-0.156253,0.984808
sin_ming,prc-00,blk-00,roof-02,PV-module,17,1.94236,1620.0,-30.408563,30.134509,-38.565473,0.075755,0.156253,0.984808
sin_ming,prc-00,blk-00,roof-02,PV-module,18,1.942357,1616.82,-27.775837,31.021585,-38.565473,-0.075755,-0.156253,0.984808
sin_ming,prc-00,blk-00,roof-02,PV-module,19,1.942358,1619.55,-31.300289,30.566836,-38.565473,0.075755,0.156253,0.984808
sin_ming,prc-00,blk-00,roof-02,PV-module,20,1.942357,1610.05,-28.667561,31.453912,-38.565473,-0.075755,-0.156253,0.984808
sin_ming,prc-00,blk-00,roof-02,PV-module,21,1.942357,1617.87,-29.559288,31.88624,-38.565473,-0.075755,-0.156253,0.984808
sin_ming,prc-00,blk-00,roof-02,PV-module,22,1.942357,1617.31,-30.451014,32.318567,-38.565473,-0.075755,-0.156253,0.984808
sin_ming,prc-00,blk-00,roof-02,PV-module,23,1.94236,1485.08,-23.444743,24.053667,-38.565473,-0.075755,-0.156253,0.984808
sin_ming,prc-00,blk-00,roof-02,PV-module,24,1.94236,1498.81,-24.336468,24.485994,-38.565473,-0.075755,-0.156253,0.984808
sin_ming,prc-00,blk-00,roof-02,PV-module,25,1.94236,1509.58,-25.228194,24.918321,-38.565473,-0.075755,-0.156253,0.984808
sin_ming,prc-00,blk-00,roof-02,PV-module,26,1.94236,1506.2,-26.119917,25.350648,-38.565473,-0.075755,-0.156253,0.984808
sin_ming,prc-00,blk-00,roof-02,PV-module,27,1.94236,1502.75,-27.011645,25.782976,-38.565473,-0.075755,-0.156253,0.984808
sin_ming,prc-00,blk-00,roof-02,PV-module,28,1.942361,1504.12,-27.90337,26.215303,-38.565473,-0.075755,-0.156253,0.984808
sin_ming,prc-00,blk-00,roof-02,PV-module,29,1.942361,1511.65,-28.795096,26.64763,-38.565473,-0.075755,-0.156253,0.984808
sin_ming,prc-00,blk-00,roof-02,PV-module,30,1.942361,1519.27,-29.686821,27.079958,-38.565473,-0.075755,-0.156253,0.984808
sin_ming,prc-00,blk-00,roof-02,PV-module,31,1.94236,1544.66,-30.578547,27.512285,-38.565473,-0.075755,-0.156253,0.984808
sin_ming,prc-00,blk-00,roof-02,PV-module,32,1.94236,1558.92,-31.470272,27.94461,-38.565473,-0.075755,-0.156253,0.984808
sin_ming,prc-00,blk-00,roof-02,PV-module,33,1.942362,1570.27,-32.361998,28.376937,-38.565473,-0.075755,-0.156253,0.984808
sin_ming,prc-00,blk-00,roof-02,PV-module,34,1.94236,1592.39,-33.253722,28.809265,-38.565473,-0.075755,-0.156253,0.984808
sin_ming,prc-00,blk-00,roof-02,PV-module,35,1.94236,1609.13,-34.145445,29.241592,-38.565473,-0.075755,-0.156253,0.984808
sin_ming,prc-00,blk-00,roof-02,PV-module,36,1.94236,1625.91,-35.037173,29.673919,-38.565473,-0.075755,-0.156253,0.984808
sin_ming,prc-00,blk-00,roof-02,PV-module,37,1.942361,1614.44,-10.153946,10.578417,-38.565473,0.075755,0.156253,0.984808
sin_ming,prc-00,blk-00,roof-02,PV-module,38,1.94236,1620.77,-11.045671,11.010745,-38.565473,0.075755,0.156253,0.984808
sin_ming,prc-00,blk-00,roof-02,PV-module,39,1.94236,1610.04,-11.937397,11.443072,-38.565473,0.075755,0.156253,0.984808
sin_ming,prc-00,blk-00,roof-02,PV-module,40,1.942359,1614.77,-9.30467,12.330148,-38.565473,-0.075755,-0.156253,0.984808
sin_ming,prc-00,blk-00,roof-02,PV-module,41,1.94236,1605.88,-12.829122,11.875399,-38.565473,0.075755,0.156253,0.984808
sin_ming,prc-00,blk-00,roof-02,PV-module,42,1.94236,1619.35,-10.196394,12.762476,-38.565473,-0.075755,-0.156253,0.984808
sin_ming,prc-00,blk-00,roof-02,PV-module,43,1.94236,1609.46,-13.720848,12.307724,-38.565473,0.075755,0.156253,0.984808
sin_ming,prc-00,blk-00,roof-02,PV-module,44,1.942361,1616.32,-11.088121,13.194803,-38.565473,-0.075755,-0.156253,0.984808
sin_ming,prc-00,blk-00,roof-02,PV-module,45,1.942359,1601.58,-14.612573,12.740052,-38.565473,0.075755,0.156253,0.984808
sin_ming,prc-00,blk-00,roof-02,PV-module,46,1.942361,1623.99,-11.979845,13.62713,-38.565473,-0.075755,-0.156253,0.984808
sin_ming,prc-00,blk-00,roof-02,PV-module,47,1.942361,1599.54,-15.504298,13.172379,-38.565473,0.075755,0.156253,0.984808
sin_ming,prc-00,blk-00,roof-02,PV-module,48,1.942361,1611.45,-12.871572,14.059457,-38.565473,-0.075755,-0.156253,0.984808
sin_ming,prc-00,blk-00,roof-02,PV-module,49,1.942362,1599.02,-16.396024,13.604706,-38.565473,0.075755,0.156253,0.984808
sin_ming,prc-00,blk-00,roof-02,PV-module,50,1.94236,1609.0,-13.763296,14.491785,-38.565473,-0.075755,-0.156253,0.984808
sin_ming,prc-00,blk-00,roof-02,PV-module,51,1.94236,1596.42,-17.28775,14.037033,-38.565473,0.075755,0.156253,0.984808
sin_ming,prc-00,blk-00,roof-02,PV-module,52,1.94236,1609.41,-14.655023,14.924112,-38.565473,-0.075755,-0.156253,0.984808
sin_ming,prc-00,blk-00,roof-02,PV-module,53,1.94236,1604.82,-18.179475,14.469361,-38.565473,0.075755,0.156253,0.984808
sin_ming,prc-00,blk-00,roof-02,PV-module,54,1.94236,1608.69,-15.546748,15.356439,-38.565473,-0.075755,-0.156253,0.984808
sin_ming,prc-00,blk-00,roof-02,PV-module,55,1.942358,1589.69,-19.071201,14.901688,-38.565473,0.075755,0.156253,0.984808
sin_ming,prc-00,blk-00,roof-02,PV-module,56,1.94236,1608.34,-16.438473,15.788766,-38.565473,-0.075755,-0.156253,0.984808
sin_ming,prc-00,blk-00,roof-02,PV-module,57,1.942361,1588.58,-19.962925,15.334015,-38.565473,0.075755,0.156253,0.984808
sin_ming,prc-00,blk-00,roof-02,PV-module,58,1.94236,1603.64,-17.330199,16.221094,-38.565473,-0.075755,-0.156253,0.984808
sin_ming,prc-00,blk-00,roof-02,PV-module,59,1.94236,1561.84,-20.85465,15.766343,-38.565473,0.075755,0.156253,0.984808
sin_ming,prc-00,blk-00,roof-02,PV-module,60,1.94236,1604.0,-18.221924,16.653421,-38.565473,-0.075755,-0.156253,0.984808
sin_ming,prc-00,blk-00,roof-02,PV-module,61,1.94236,1521.11,-21.746376,16.198668,-38.565473,0.075755,0.156253,0.984808
sin_ming,prc-00,blk-00,roof-02,PV-module,62,1.94236,1580.71,-19.11365,17.085748,-38.565473,-0.075755,-0.156253,0.984808
sin_ming,prc-00,blk-00,roof-02,PV-module,63,1.94236,1565.99,-20.005375,17.518076,-38.565473,-0.075755,-0.156253,0.984808
sin_ming,prc-00,blk-00,roof-02,PV-module,64,1.94236,1528.68,-20.897101,17.950403,-38.565473,-0.075755,-0.156253,0.984808
sin_ming,prc-00,blk-00,roof-03,PV-module,1,1.942364,1396.15,-26.895394,39.878378,-38.565473,0.075827,0.156218,0.984808
sin_ming,prc-00,blk-00,roof-03,PV-module,2,1.942361,1369.93,-26.045301,41.629717,-38.565473,-0.075828,-0.156218,0.984808
sin_ming,prc-00,blk-00,roof-03,PV-module,3,1.942361,1507.21,-26.003871,39.445631,-38.565473,0.075828,0.156218,0.984808
sin_ming,prc-00,blk-00,roof-03,PV-module,4,1.942362,1483.47,-25.153777,41.19697,-38.565473,-0.075828,-0.156218,0.984808
sin_ming,prc-00,blk-00,roof-03,PV-module,5,1.942361,1551.12,-25.112346,39.012892,-38.565473,0.075828,0.156218,0.984808
sin_ming,prc-00,blk-00,roof-03,PV-module,6,1.942362,1538.83,-24.262252,40.764227,-38.565473,-0.075828,-0.156218,0.984808
sin_ming,prc-00,blk-00,roof-03,PV-module,7,1.942361,1588.15,-24.220824,38.580149,-38.565473,0.075828,0.156218,0.984808
sin_ming,prc-00,blk-00,roof-03,PV-module,8,1.942361,1577.4,-23.370729,40.331484,-38.565473,-0.075828,-0.156218,0.984808
sin_ming,prc-00,blk-00,roof-03,PV-module,9,1.942361,1600.91,-23.329301,38.147406,-38.565473,0.075828,0.156218,0.984808
sin_ming,prc-00,blk-00,roof-03,PV-module,10,1.942361,1586.13,-22.479207,39.898745,-38.565473,-0.075828,-0.156218,0.984808
sin_ming,prc-00,blk-00,roof-03,PV-module,11,1.942364,1607.72,-22.437776,37.714659,-38.565473,0.075827,0.156218,0.984808
sin_ming,prc-00,blk-00,roof-03,PV-module,12,1.942361,1603.87,-21.587682,39.465998,-38.565473,-0.075828,-0.156218,0.984808
sin_ming,prc-00,blk-00,roof-03,PV-module,13,1.942361,1611.9,-21.546252,37.28192,-38.565473,0.075828,0.156218,0.984808
sin_ming,prc-00,blk-00,roof-03,PV-module,14,1.942362,1608.53,-20.696159,39.033255,-38.565473,-0.075828,-0.156218,0.984808
sin_ming,prc-00,blk-00,roof-03,PV-module,15,1.942361,1622.34,-20.654727,36.849176,-38.565473,0.075828,0.156218,0.984808
sin_ming,prc-00,blk-00,roof-03,PV-module,16,1.942362,1608.55,-19.804633,38.600511,-38.565473,-0.075828,-0.156218,0.984808
sin_ming,prc-00,blk-00,roof-03,PV-module,17,1.942361,1636.5,-19.763205,36.416433,-38.565473,0.075828,0.156218,0.984808
sin_ming,prc-00,blk-00,roof-03,PV-module,18,1.942357,1610.24,-18.91311,38.167772,-38.565473,-0.075827,-0.156218,0.984808
sin_ming,prc-00,blk-00,roof-03,PV-module,19,1.942361,1629.31,-18.871682,35.983687,-38.565473,0.075828,0.156218,0.984808
sin_ming,prc-00,blk-00,roof-03,PV-module,20,1.942357,1616.06,-18.021588,37.735025,-38.565473,-0.075828,-0.156218,0.984808
sin_ming,prc-00,blk-00,roof-03,PV-module,21,1.942362,1633.83,-17.980157,35.550947,-38.565473,0.075828,0.156218,0.984808
sin_ming,prc-00,blk-00,roof-03,PV-module,22,1.942357,1626.49,-17.130063,37.302286,-38.565473,-0.075828,-0.156218,0.984808
sin_ming,prc-00,blk-00,roof-03,PV-module,23,1.942362,1633.1,-17.088633,35.118204,-38.565473,0.075828,0.156218,0.984808
sin_ming,prc-00,blk-00,roof-03,PV-module,24,1.942361,1617.31,-16.23854,36.869539,-38.565473,-0.075828,-0.156218,0.984808
sin_ming,prc-00,blk-00,roof-03,PV-module,25,1.94236,1630.99,-16.197108,34.685461,-38.565473,0.075828,0.156218,0.984808
sin_ming,prc-00,blk-00,roof-03,PV-module,26,1.942357,1612.61,-15.347015,36.4368,-38.565473,-0.075828,-0.156218,0.984808
sin_ming,prc-00,blk-00,roof-03,PV-module,27,1.94236,1633.33,-15.305585,34.252714,-38.565473,0.075828,0.156218,0.984808
sin_ming,prc-00,blk-00,roof-03,PV-module,28,1.942359,1607.79,-14.455493,36.004053,-38.565473,-0.075828,-0.156218,0.984808
sin_ming,prc-00,blk-00,roof-03,PV-module,29,1.942359,1612.9,-14.414061,33.819975,-38.565473,0.075827,0.156218,0.984808
sin_ming,prc-00,blk-00,roof-03,PV-module,30,1.942357,1605.27,-13.563969,35.571314,-38.565473,-0.075828,-0.156218,0.984808
sin_ming,prc-00,blk-00,roof-03,PV-module,31,1.942357,1613.48,-13.522538,33.387236,-38.565473,0.075828,0.156218,0.984808
sin_ming,prc-00,blk-00,roof-03,PV-module,32,1.942358,1601.41,-12.672444,35.138567,-38.565473,-0.075828,-0.156218,0.984808
sin_ming,prc-00,blk-00,roof-03,PV-module,33,1.942361,1602.73,-12.631015,32.954489,-38.565473,0.075828,0.156218,0.984808
sin_ming,prc-00,blk-00,roof-03,PV-module,34,1.942358,1598.59,-11.780921,34.705828,-38.565473,-0.075827,-0.156218,0.984808
sin_ming,prc-00,blk-00,roof-03,PV-module,35,1.942361,1600.87,-11.73949,32.52175,-38.565473,0.075828,0.156218,0.984808
sin_ming,prc-00,blk-00,roof-03,PV-module,36,1.942361,1586.32,-10.889398,34.273088,-38.565473,-0.075828,-0.156218,0.984808
sin_ming,prc-00,blk-00,roof-03,PV-module,37,1.942361,1596.83,-10.847966,32.089003,-38.565473,0.075828,0.156218,0.984808
sin_ming,prc-00,blk-00,roof-03,PV-module,38,1.942362,1589.89,-9.997874,33.840342,-38.565473,-0.075828,-0.156218,0.984808
sin_ming,prc-00,blk-00,roof-03,PV-module,39,1.942362,1591.73,-9.956443,31.65626,-38.565473,0.075828,0.156218,0.984808
sin_ming,prc-00,blk-00,roof-03,PV-module,40,1.942361,1581.48,-9.10635,33.407598,-38.565473,-0.075828,-0.156218,0.984808
sin_ming,prc-00,blk-00,roof-03,PV-module,41,1.942359,1583.97,-9.064919,31.223517,-38.565473,0.075828,0.156218,0.984808
sin_ming,prc-00,blk-00,roof-03,PV-module,42,1.94236,1565.62,-8.214827,32.974855,-38.565473,-0.075827,-0.156218,0.984808
sin_ming,prc-00,blk-00,roof-03,PV-module,43,1.94236,1562.95,-8.173396,30.790775,-38.565473,0.075828,0.156218,0.984808
sin_ming,prc-00,blk-00,roof-03,PV-module,44,1.942359,1551.06,-7.323302,32.542116,-38.565473,-0.075828,-0.156218,0.984808
sin_ming,prc-00,blk-00,roof-03,PV-module,45,1.94236,1540.24,-7.281872,30.358034,-38.565473,0.075828,0.156218,0.984808
sin_ming,prc-00,blk-00,roof-03,PV-module,46,1.94236,1529.61,-6.431779,32.109369,-38.565473,-0.075828,-0.156218,0.984808
sin_ming,prc-00,blk-00,roof-03,PV-module,47,1.94236,1503.18,-6.390348,29.925289,-38.565473,0.075828,0.156218,0.984808
sin_ming,prc-00,blk-00,roof-03,PV-module,48,1.942359,1493.19,-5.540255,31.676626,-38.565473,-0.075828,-0.156218,0.984808
sin_ming,prc-00,blk-00,roof-03,PV-module,49,1.942359,1444.46,-5.498824,29.492548,-38.565473,0.075828,0.156218,0.984808
sin_ming,prc-00,blk-00,roof-03,PV-module,50,1.942359,1439.34,-4.648731,31.243883,-38.565473,-0.075828,-0.156218,0.984808
sin_ming,prc-00,blk-00,roof-03,PV-module,51,1.94236,1330.5,-4.607301,29.059803,-38.565473,0.075828,0.156218,0.984808
sin_ming,prc-00,blk-00,roof-03,PV-module,52,1.94236,1341.8,-3.757208,30.81114,-38.565473,-0.075827,-0.156218,0.984808
sin_ming,prc-00,blk-00,roof-03,PV-module,53,1.942361,1450.25,-24.982573,43.819117,-38.565473,0.075828,0.156218,0.984808
sin_ming,prc-00,blk-00,roof-03,PV-module,54,1.942361,1497.37,-24.132478,45.570452,-38.565473,-0.075828,-0.156218,0.984808
sin_ming,prc-00,blk-00,roof-03,PV-module,55,1.942364,1528.46,-24.09105,43.386374,-38.565473,0.075827,0.156218,0.984808
sin_ming,prc-00,blk-00,roof-03,PV-module,56,1.942361,1536.57,-23.240956,45.137712,-38.565473,-0.075828,-0.156218,0.984808
sin_ming,prc-00,blk-00,roof-03,PV-module,57,1.942361,1568.75,-23.199525,42.953627,-38.565473,0.075828,0.156218,0.984808
sin_ming,prc-00,blk-00,roof-03,PV-module,58,1.942364,1567.3,-22.349431,44.704966,-38.565473,-0.075827,-0.156218,0.984808
sin_ming,prc-00,blk-00,roof-03,PV-module,59,1.942361,1596.03,-22.308001,42.520887,-38.565473,0.075828,0.156218,0.984808
sin_ming,prc-00,blk-00,roof-03,PV-module,60,1.942361,1583.31,-21.457906,44.272222,-38.565473,-0.075828,-0.156218,0.984808
sin_ming,prc-00,blk-00,roof-03,PV-module,61,1.942361,1610.41,-21.416476,42.088144,-38.565473,0.075828,0.156218,0.984808
sin_ming,prc-00,blk-00,roof-03,PV-module,62,1.942361,1601.18,-20.566383,43.839479,-38.565473,-0.075828,-0.156218,0.984808
sin_ming,prc-00,blk-00,roof-03,PV-module,63,1.942361,1611.69,-20.524955,41.655401,-38.565473,0.075828,0.156218,0.984808
sin_ming,prc-00,blk-00,roof-03,PV-module,64,1.942361,1601.53,-19.674859,43.40674,-38.565473,-0.075828,-0.156218,0.984808
sin_ming,prc-00,blk-00,roof-03,PV-module,65,1.942364,1619.25,-19.633429,41.222654,-38.565473,0.075827,0.156218,0.984808
sin_ming,prc-00,blk-00,roof-03,PV-module,66,1.942361,1613.5,-18.783338,42.973989,-38.565473,-0.075828,-0.156218,0.984808
sin_ming,prc-00,blk-00,roof-03,PV-module,67,1.942361,1632.1,-18.741906,40.789915,-38.565473,0.075828,0.156218,0.984808
sin_ming,prc-00,blk-00,roof-03,PV-module,68,1.942364,1619.3,-17.891812,42.54125,-38.565473,-0.075827,-0.156218,0.984808
sin_ming,prc-00,blk-00,roof-03,PV-module,69,1.942361,1628.8,-17.850383,40.357172,-38.565473,0.075828,0.156218,0.984808
sin_ming,prc-00,blk-00,roof-03,PV-module,70,1.942357,1624.28,-17.000287,42.108507,-38.565473,-0.075827,-0.156218,0.984808
sin_ming,prc-00,blk-00,roof-03,PV-module,71,1.942361,1626.13,-16.958857,39.924429,-38.565473,0.075828,0.156218,0.984808
sin_ming,prc-00,blk-00,roof-03,PV-module,72,1.942358,1616.77,-16.108764,41.675768,-38.565473,-0.075828,-0.156218,0.984808
sin_ming,prc-00,blk-00,roof-03,PV-module,73,1.942361,1624.32,-16.067336,39.491682,-38.565473,0.075828,0.156218,0.984808
sin_ming,prc-00,blk-00,roof-03,PV-module,74,1.942358,1624.72,-15.217242,41.243021,-38.565473,-0.075828,-0.156218,0.984808
sin_ming,prc-00,blk-00,roof-03,PV-module,75,1.942361,1626.14,-15.175811,39.058943,-38.565473,0.075828,0.156218,0.984808
sin_ming,prc-00,blk-00,roof-03,PV-module,76,1.942359,1613.47,-14.325717,40.810282,-38.565473,-0.075828,-0.156218,0.984808
sin_ming,prc-00,blk-00,roof-03,PV-module,77,1.942362,1632.16,-14.284286,38.6262,-38.565473,0.075828,0.156218,0.984808
sin_ming,prc-00,blk-00,roof-03,PV-module,78,1.942357,1615.63,-13.434194,40.377535,-38.565473,-0.075828,-0.156218,0.984808
sin_ming,prc-00,blk-00,roof-03,PV-module,79,1.942361,1630.1,-13.392764,38.193457,-38.565473,0.075828,0.156218,0.984808
sin_ming,prc-00,blk-00,roof-03,PV-module,80,1.942358,1622.93,-12.54267,39.944796,-38.565473,-0.075828,-0.156218,0.984808
sin_ming,prc-00,blk-00,roof-03,PV-module,81,1.942361,1632.98,-12.50124,37.76071,-38.565473,0.075828,0.156218,0.984808
sin_ming,prc-00,blk-00,roof-03,PV-module,82,1.942358,1622.0,-11.651146,39.512049,-38.565473,-0.075828,-0.156218,0.984808
sin_ming,prc-00,blk-00,roof-03,PV-module,83,1.942359,1634.27,-11.609715,37.327971,-38.565473,0.075827,0.156218,0.984808
sin_ming,prc-00,blk-00,roof-03,PV-module,84,1.942357,1621.43,-10.759624,39.079309,-38.565473,-0.075828,-0.156218,0.984808
sin_ming,prc-00,blk-00,roof-03,PV-module,85,1.942357,1629.01,-10.718192,36.895231,-38.565473,0.075828,0.156218,0.984808
sin_ming,prc-00,blk-00,roof-03,PV-module,86,1.942359,1614.32,-9.868098,38.646566,-38.565473,-0.075827,-0.156218,0.984808
sin_ming,prc-00,blk-00,roof-03,PV-module,87,1.942359,1637.44,-9.826669,36.462484,-38.565473,0.075828,0.156218,0.984808
sin_ming,prc-00,blk-00,roof-03,PV-module,88,1.942361,1622.02,-8.976575,38.213823,-38.565473,-0.075828,-0.156218,0.984808
sin_ming,prc-00,blk-00,roof-03,PV-module,89,1.942357,1638.78,-8.935144,36.029745,-38.565473,0.075828,0.156218,0.984808
sin_ming,prc-00,blk-00,roof-03,PV-module,90,1.942362,1624.63,-8.085052,37.781084,-38.565473,-0.075828,-0.156218,0.984808
sin_ming,prc-00,blk-00,roof-03,PV-module,91,1.942358,1627.08,-8.043621,35.596998,-38.565473,0.075828,0.156218,0.984808
sin_ming,prc-00,blk-00,roof-03,PV-module,92,1.942361,1615.17,-7.193527,37.348337,-38.565473,-0.075828,-0.156218,0.984808
sin_ming,prc-00,blk-00,roof-03,PV-module,93,1.942358,1623.62,-7.152097,35.164259,-38.565473,0.075828,0.156218,0.984808
sin_ming,prc-00,blk-00,roof-03,PV-module,94,1.942362,1609.09,-6.302004,36.915594,-38.565473,-0.075828,-0.156218,0.984808
sin_ming,prc-00,blk-00,roof-03,PV-module,95,1.942358,1607.57,-6.260573,34.731512,-38.565473,0.075828,0.156218,0.984808
sin_ming,prc-00,blk-00,roof-03,PV-module,96,1.942361,1594.25,-5.41048,36.482851,-38.565473,-0.075828,-0.156218,0.984808
sin_ming,prc-00,blk-00,roof-03,PV-module,97,1.942358,1596.73,-5.36905,34.298773,-38.565473,0.075827,0.156218,0.984808
sin_ming,prc-00,blk-00,roof-03,PV-module,98,1.942361,1605.81,-4.518956,36.050112,-38.565473,-0.075828,-0.156218,0.984808
sin_ming,prc-00,blk-00,roof-03,PV-module,99,1.942362,1583.37,-4.477526,33.866026,-38.565473,0.075828,0.156218,0.984808
sin_ming,prc-00,blk-00,roof-03,PV-module,100,1.942362,1582.16,-3.627432,35.617365,-38.565473,-0.075828,-0.156218,0.984808
sin_ming,prc-00,blk-00,roof-03,PV-module,101,1.942361,1553.76,-3.586002,33.433287,-38.565473,0.075828,0.156218,0.984808
sin_ming,prc-00,blk-00,roof-03,PV-module,102,1.942361,1567.81,-2.735909,35.184622,-38.565473,-0.075828,-0.156218,0.984808
sin_ming,prc-00,blk-00,roof-03,PV-module,103,1.942363,1475.93,-2.694478,33.000544,-38.565473,0.075828,0.156218,0.984808
sin_ming,prc-00,blk-00,roof-03,PV-module,104,1.942361,1559.83,-1.844385,34.751879,-38.565473,-0.075828,-0.156218,0.984808
